,tweet
0,sorry anyone time line say animal cross go excitement passionate
1,offline mood best ink trend troll update sam dacha twitter kia ur parent
2,want see happy
3,want make gif happy
4,nark happiness simple feel happy see someone smile
5,always prayers see move happy someone right really make happy illimitable
6,use term ignorance yeah man one else
7,happy new year always thank soho much dear martin may year
8,good thing busy work happy see rash screen
9,good morning happy salaam thank love support entangle follower
10,broodier mention lansing
11,really happy rn
12,need excitement life time fool around abandon asylums
13,font always rearrange
14,happy birthday chase
15,today good day stop favorite coffee shop order already prepare walk
16,happy birthday king know
17,quite crappy cum shoot still happy sunday
18,happy worry flight say get birthday gift
19,happy hunger game
20,walmart employees funny af one calmly smile angry customer amp say
21,sister cindy fear god nah
22,happy day let enjoy episodes still get
23,sound alto like
24,let day begin happy birthday
25,pleasant monday long time
26,happy snowy sunday bunny help cosby live chat
27,happy sunday subscribe fan see unmarked sale end monday
28,lome happy sunday hope bless today service
29,compilation favorite moment always happy together
30,go wish bro happy day ya gama might get snuff
31,rt set photos independent trainee kim janjaweed make heart happy photo windmill tho
32,happy sunday please follow quick follow back god bless
33,irresponsible trend guess happy see social pressure bother apply collectively
34,nah miracle nina know someone like
35,plus also fellow muslim sisters rely happy abet
36,say love
37,dare happy shop
38,excitement overpower fear current situation
39,know best treat happy sunday jean enjoy rest weekend
40,really make happy thank much
41,go album least time count today pleasant escape thank
42,awe still fear safety though
43,get best genuinely happy
44,smoke nice cleave chill pup dark night sky happy
45,know day would come happy get see happy come finally dam
46,happy nobody call hoe hell niggas say fuck cant many say
47,happy birthday hun xx
48,siddhartha excitement equivalent sing song top voice
49,happy marianne happy bernadette
50,happy birthday princess advance marsha hush chirpily hate
51,kuchen hopeless straight crush happy white day
52,beyond happy right safe say night make
53,mean everyone happy nice
54,nag baikal nag swallow happy prince lola live
55,happy birth
56,make friends happy ur art best feel
57,happy international women day
58,feds family nd feds become family guy look give us
59,good morning happy sunday
60,pretty happy fair
61,happy birthday miss hope able turn lila bite
62,cousin nco gay make happy
63,make mistake happy accidents
64,okay see happy life right who bother
65,happy figure things cheer queen
66,real women dollars come handy practically price one bra get two things
67,happy freeze watch dress transformation time
68,today granny day rip granny
69,happy birthday guess gin na spend day plant shop eat thai food come home rematch wangle
70,already handle remind every night
71,go tell beautiful soul happy birthday
72,like damian happy want strong best little little thank always call
73,happy graduation day hombre proud pull get disappear nose degree
74,saw na kayo sa toxic twitter pal watch happy islanders new blog
75,nah fr tho
76,good night sleep well enjoy lovely happy dream tonight
77,bacchanal hopeless straight crush happy white day
78,happy sunday add drum bass vibes rotation courtesy new banger amp
79,fume happy white day think
80,happy birthday number fan
81,okay happy march guy may best days come soon let hope amp pray amp positive wise bi yeah jan
82,happy birthday dear may god bless new age
83,feel asleep mouth bottle hand amp vibrator legs happy birthday
84,rt happy get see taylor ova day miss
85,make effort tell give give see happy future
86,let another shall like rt mb surprise ms
87,matter angry always end forgive person love
88,shh think happy either senghor yong post something today senghor
89,yetis daughter yuan happy family
90,people tell look happier notice lot better honestly make heart happy
91,make happy ways never think could
92,pleasant voice
93,look like happy
94,hi crush hue hue ur aura one kind someday aka rat puncheon hope happy soon
95,happy everyone get ticket want pray thursday
96,happy birthday old man
97,awn help reply thank thank
98,nicotine happy sunday prayers move mountains pray heal world
99,happy birthday hope lovely day
100,today pleasant
101,happy birthday reit love much hope well
102,shield want see dear wed dress take much time slow happy upcoming new year
103,long angry blonde moment good
104,wish naan cult fan bro happy birthday mahayanist update chi headhunt
105,niece happy see make
106,happy girl
107,dint amway rearrange
108,happy birthday fave gag kent
109,happy retweet video comment
110,let another shall like rt mb surprise dam
111,know limit nothing need life long happy
112,dumb spend money en star basic shy nd riot happy
113,pol dada gin happy til turn annam mfa eight doe
114,really happy could contact fave author tell wake morning
115,among fear scroll twitter thing make us laugh days try soon
116,exactly sun rah ho na
117,wish happy
118,genuinely happy like last minute
119,happy birthday sweetly
120,happy snowy sunday bunny help cosby live
121,happy wake
122,problem happy help happy see turn like
123,happy birthday
124,happy birthday swell
125,go lie drink taylor port drink happy ash
126,well pleasant night morning wait nice things afternoon
127,happy birthday actually happy almost birthday
128,today choose faith fear love hate selflessness selfishness kind
129,happy sunday go bridal shower really interest go bare minimum
130,still get angry league still play addict
131,breathe deep breath hold exhale go happy place
132,dunno kinda happy cancellations slower pace bite
133,right pleasant surprise morning
134,smoke nice cleave back porch dark night sky happy
135,feel happy thank god insight
136,happy tweet video comment do
137,anything introvert ass happy cause whether go bother interact people
138,bi age single jealous love favorite name like someone ever
139,look expect take beat make steve vie beat
140,way alex announce finally girlfriend make happy
141,give fuck mi happy
142,happy asl right show
143,ya hear come look like bag money baby know
144,jiggle much stay till end cute lila surprise
145,happy birthday miss love bekesy enjoy day take care always muawiya
146,people tell look happier notice better months ago honestly make heart happy
147,happy bay thai
148,drink coffee talk sister keep surprise excitement happy tear
149,get happy guy like sketch especially cause gymnast involve
150,happy birthday person own heart love end earth back
151,happy right lila daddy go crazy
152,rare vintage photo happy
153,reply moot happy satisfy yr thoughts choose right moot bight rb stan
154,em seem like happy someone care
155,friendship make happy
156,anyone would like donate hug cuddle shit stop touch people fear great
157,happy birthday love stop
158,comfort father
159,happy birthday hope amaze day eat lot good food miss lot
160,yet happy latest baby boy
161,right make unbelievably happy expect mention
162,get followers wow happy right say thank much luvs
163,nicotine happy monday run world girls run world
164,wife okay happy someone want impregnate
165,make happy
166,happy saturday retweet see half today pics meetups get
167,need make voice would pleasant
168,love love happy every day think
169,faith fear exist
170,take care happy always miss
171,pleasant day far
172,happy last past week
173,fear panic air want free desolation despair keep calm listen muse
174,every man greatest fear try new barber
175,innocent nothing fear
176,good morning indeed
177,anna cute anna flipper anna secret shipper like anna
178,hi sick make feel horrible purchase new game play far happy play cattails
179,happy international women day men appreciate amaze us women end today find om pay pig
180,struggle get angry especially come church
181,wan na happy dark void
182,boyfriend best vibe around even fuck vibe happy
183,people feel see brand market matter happy help upcoming
184,happy mother day
185,wan na share love fear circulate excite use new deck drop love message
186,hohhot love much always happy condiment
187,hohenlohe answer daughter whoop ca promise anything
188,happy new year always thank
189,march happy birthday
190,least tiny prince happy
191,love good hair day happy birthday lovelies wish many many come
192,happy sub queen thank make us happy two always happy
193,order step continue direct trust
194,young super happy kia pedro ala kia ga expect org anything best feel ever mao na thank god content
195,act happy soul scream
196,nick finally notice eke happy hire sir
197,nee twitter id
198,nicotine happy tuesday leave little sparkle wherever go yup
199,gnu brie happy sleep
200,find happy medium okay
201,life much different actually happy
202,aim love watch tibet sivan also happy love aim sivan
203,happy trump
204,guess today fave day week happy
205,happy sunday
206,oh young love excitement date person love
207,tuesday always thank much dear best friend detract
208,kike happy lt lt
209,think finally find people happy
210,next release happy harpsichord bareness run wild
211,holy whole ssh journey would fun amp meaningful guy really
212,titan jersey hash char happy birthday unlit
213,happy think skyjack come soon enough
214,head repast jiggle sm wait till end cute surprise
